<?xml version="1.0" encoding="UTF-8" ?>
<!DOCTYPE mapper
PUBLIC "-//mybatis.org//DTD Mapper 3.0//EN"
"http://mybatis.org/dtd/mybatis-3-mapper.dtd">

<mapper namespace="com.zte.dao.provider.ProviderMapper">

	<select id="getProviderList" resultType="Provider">
		select * from smbms_provider where 1=1
		<if test="proName!=null and proName!=''">and proName like concat('%',concat(#{proName},'%'))</if>
		<if test="proCode!=null and proCode!=''">and proCode like concat('%',concat(#{proCode},'%'))</if>	
		order by creationDate DESC limit #{currentPageNo},#{pageSize}
	</select>
	
	
	<select id="proList" resultType="Provider">
	select * from smbms_provider 
	</select>
	
	
	<select id="getproviderCount" resultType="int">
	select count(1) as count from smbms_provider p where 1 = 1
	<if test="proName!=null and proName!=''">and proName like concat('%',concat(#{proName},'%'))</if>
	<if test="proCode!=null and proCode!=''">and proCode like concat('%',concat(#{proCode},'%'))</if>			
	</select>


	<insert id="add" parameterType="Provider">
		insert into smbms_provider
		(proCode,proName,proDesc,proContact,proPhone,proAddress,proFax,createdBy,creationDate)
		values(#{proCode},#{proName},#{proDesc},#{proContact},#{proPhone},#{proAddress},#{proFax},#{createdBy},#{creationDate})
	</insert>
	
	<delete id="deleteProviderById">
	delete from smbms_provider where id=#{delId}
	</delete>
	
	
	<select id="getProviderById" resultType="Provider">
	select * from smbms_provider where id=#{id}
	</select>
	
	<update id="modify" >
	update smbms_provider set 
	proName=#{proName},proDesc=#{proDesc},proContact=#{proContact},
	proPhone=#{proPhone},proAddress=#{proAddress},proFax=#{proFax},modifyBy=#{modifyBy},modifyDate=#{modifyDate} where id = #{id}
	</update>




</mapper>