<?xml version="1.0" encoding="UTF-8" ?>
<!DOCTYPE mapper
PUBLIC "-//mybatis.org//DTD Mapper 3.0//EN"
"http://mybatis.org/dtd/mybatis-3-mapper.dtd">

<mapper namespace="com.zte.dao.user.UserMapper">
	<select id="login" resultType="User">
		SELECT id,userCode,userName,gender,birthday
		FROM smbms_user WHERE usercode=#{userCode} AND
		userpassword=#{userPassword}
	</select>

	<select id="getUserList" resultType="User">
		select u.*,r.roleName as userRoleName from smbms_user u,smbms_role r 
		where u.userRole = r.id
		<if test="userRole!=null and userRole!=''">
			and userRole =#{userRole}
		</if>
		<if test="userName!=null and userName!=''">
			and username like concat('%',concat(#{userName},'%'))
		</if>
		 order by creationDate DESC limit #{currentPageNo},#{pageSize}
	</select>
	
	<select id="getUserCount" resultType="int">
		select count(1) as count from smbms_user u,smbms_role r where u.userRole = r.id 
		<if test="userRole!=null and userRole!=''">
			and userRole =#{userRole}
		</if>
		<if test="userName!=null and userName!=''">
			and username like concat('%',concat(#{userName},'%'))
		</if>
	</select>
	
	<select id="selectUserCodeExist" resultType="User">
	select * from smbms_user where userCode=#{userCode}
	</select>
		
	
	<insert id="add" parameterType="User">
		insert into smbms_user (userCode,userName,userPassword,userRole,gender,birthday,phone,address,creationDate,createdBy,idPicPath)
		 values(#{userCode},#{userName},#{userPassword},
		 #{userRole},#{gender},#{birthday},#{phone},#{address},#{creationDate},#{createdBy},#{idPicPath}) 
	</insert>
	
	<select id="getUserById" resultType="User">
		select u.*,r.roleName as userRoleName,u.idpicPath from smbms_user u,smbms_role r where u.id=#{id} and u.userRole = r.id
	</select>
	
	<update id="modify">
		update smbms_user set userName=#{userName},gender=#{gender},birthday=#{birthday},phone=#{phone},address=#{address},
		 userRole=#{userRole},modifyBy=#{modifyBy},modifyDate=#{modifyDate} where id =#{id} 
	</update>
	
	<delete id="deleteUserById">
		delete from smbms_user where id=#{delId}
	</delete>
	
	<update id="updatePwd">
	update smbms_user set userPassword= #{pwd} where id = #{id}
	</update>
	
</mapper>